"","School","X25th_MCAT","med_MCAT","X75th_MCAT","med_GPA","Public_Private","latitude","longitude","State","OOS_friendly","IS_mat_perc","OOS_mat_perc","IS_apps_perc","OOS_apps_perc","IS_II_perc","OOS_II_perc",".pred_class"
"1","Albert Einstein",514,516,518,3.88,"Private",40.85060157,-73.84593439,"NY","Yes",0.494505494505495,0.505494505494505,0.199217877094972,0.800782122905028,0.369198312236287,0.630801687763713,"Yes"
"3","BU",515,518,521,3.88,"Private",42.33655496,-71.07244619,"MA","Yes",0.28169014084507,0.71830985915493,0.0882412467111921,0.911758753288808,0.126182965299685,0.873817034700315,"Yes"
"4","CWRU SOM",516,519,521,3.9,"Private",41.50516831,-81.62031719,"OH","Yes",0.181818181818182,0.818181818181818,0.0928625282734355,0.907137471726564,0.118172790466733,0.881827209533267,"Yes"
"5","Columbia",519,522,524,3.95,"Private",40.84476714,-73.94162806,"NY","Yes",0.173913043478261,0.826086956521739,0.158662345315262,0.841337654684738,0.194587628865979,0.805412371134021,"Yes"
"9","Duke",516,520,522,3.92,"Private",36.00651108,-78.93812065,"NC","Yes",0.140350877192982,0.859649122807018,0.0808980308541327,0.919101969145867,0.11620294599018,0.88379705400982,"Yes"
"10","Emory",513,517,520,3.84,"Private",34.32159068,-84.31667617,"GA","Yes",0.404411764705882,0.595588235294118,0.0759504064373101,0.92404959356269,0.237048665620094,0.762951334379906,"Yes"
"12","Dartmouth",513,516,519,3.82,"Private",43.70889114,-72.2851085,"NH","Yes",0.0344827586206897,0.96551724137931,0.00875837197320969,0.99124162802679,0.0210696920583468,0.978930307941653,"Yes"
"13","GWU",509,512,515,3.81,"Private",38.90037141,-77.05098666,"DC","Yes",0.0229885057471264,0.977011494252874,0.00438452980825862,0.995615470191741,0.0445486518171161,0.955451348182884,"Yes"
"14","Georgetown",511,515,518,3.89,"Private",38.9119937,-77.07700895,"DC","Yes",0.0257731958762887,0.974226804123711,0.00436421344971236,0.995635786550288,0.00740055504162812,0.992599444958372,"Yes"
"16","Harvard",518,521,523,3.96,"Private",42.33564708,-71.10420964,"MA","Yes",0.123376623376623,0.876623376623377,0.0818070818070818,0.918192918192918,0.118110236220472,0.881889763779528,"Yes"
"17","Icahn ",516,519,522,3.92,"Private",40.79014986,-73.95375213,"NY","Yes",0.271186440677966,0.728813559322034,0.180757651781234,0.819242348218766,0.20487106017192,0.79512893982808,"Yes"
"19","JHU",519,521,524,3.96,"Private",39.29924506,-76.59329409,"MD","Yes",0.127118644067797,0.872881355932203,0.0701377706208624,0.929862229379138,0.0875656742556918,0.912434325744308,"Yes"
"23","Mayo Clinic",517,521,523,3.95,"Private",44.46648916,-92.37155061,"MN","Yes",0.0943396226415094,0.905660377358491,0.0628871785244978,0.937112821475502,0.184105960264901,0.815894039735099,"Yes"
"24","Northwestern",518,521,523,3.93,"Private",41.89626552,-87.61713389,"IL","Yes",0.282758620689655,0.717241379310345,0.113392377885132,0.886607622114869,0.142450142450142,0.857549857549858,"Yes"
"26","OSU",513,516,519,3.9,"Public",39.99518448,-83.01505186,"OH","Yes",0.545454545454545,0.454545454545455,0.157668285912561,0.842331714087439,0.396825396825397,0.603174603174603,"Yes"
"27","UPenn",519,522,524,3.96,"Private",39.94793631,-75.19255509,"PA","Yes",0.116883116883117,0.883116883116883,0.0873751783166904,0.91262482168331,0.0758293838862559,0.924170616113744,"Yes"
"29","UVM",509,513,516,3.75,"Public",44.47839436,-73.1937427,"VT","Yes",0.270491803278689,0.729508196721312,0.0096165122551894,0.990383487744811,0.104404567699837,0.895595432300163,"Yes"
"30","SLU",509,513,517,3.93,"Private",38.6227692,-90.23773033,"MO","Yes",0.338983050847458,0.661016949152542,0.0707791050098057,0.929220894990194,0.160759493670886,0.839240506329114,"Yes"
"33","Stanford",516,519,522,3.92,"Private",37.43381031,-122.1739534,"CA","Yes",0.333333333333333,0.666666666666667,0.342410550738796,0.657589449261204,0.295833333333333,0.704166666666667,"Yes"
"34","Brown",514,517,520,3.87,"Private",41.81894585,-71.40846224,"RI","Yes",0.111888111888112,0.888111888111888,0.00981095955970328,0.990189040440297,0.041343669250646,0.958656330749354,"Yes"
"35","Tufts",511,515,519,3.85,"Private",42.35024598,-71.06231686,"MA","Yes",0.263681592039801,0.736318407960199,0.0798209623274897,0.92017903767251,0.182397959183673,0.817602040816326,"Yes"
"37","UCD",506,512,516,3.69,"Public",38.55313989,-121.4525691,"CA","No",0.954887218045113,0.0451127819548872,0.64476759283303,0.35523240716697,0.943060498220641,0.0569395017793594,"No"
"40","UCR",505,510,515,3.75,"Public",33.97391914,-117.3239943,"CA","No",0.987951807228916,0.0120481927710843,0.755674232309746,0.244325767690254,0.986254295532646,0.013745704467354,"No"
"42","UCSF",513,517,521,3.89,"Public",37.76291776,-122.4596466,"CA","Yes",0.695906432748538,0.304093567251462,0.475486827033219,0.524513172966781,0.564102564102564,0.435897435897436,"Yes"
"43","UChicago",517,521,523,3.94,"Private",41.79167138,-87.60271733,"IL","Yes",0.174418604651163,0.825581395348837,0.116788321167883,0.883211678832117,0.105519480519481,0.894480519480519,"Yes"
"44","UCincinnati",513,517,520,3.91,"Public",39.13865845,-84.50376416,"OH","Yes",0.570621468926554,0.429378531073446,0.175344687753447,0.824655312246553,0.423017107309487,0.576982892690513,"Yes"
"47","UHawai'i",510,513,517,3.88,"Public",21.29667218,-157.8635261,"HI","No",0.842105263157895,0.157894736842105,0.10087116001834,0.89912883998166,0.583025830258303,0.416974169741697,"No"
"51","UMichigan",515,518,521,3.9,"Public",42.28419951,-83.7325313,"MI","Yes",0.521472392638037,0.478527607361963,0.136640360766629,0.863359639233371,0.267415730337079,0.732584269662921,"Yes"
"56","UVA",517,520,522,3.94,"Public",38.03179339,-78.50098403,"VA","Yes",0.473684210526316,0.526315789473684,0.1719516798792,0.8280483201208,0.255813953488372,0.744186046511628,"Yes"
"57","USF",516,519,522,3.93,"Public",27.9441175,-82.44935863,"FL","Yes",0.461538461538462,0.538461538461538,0.413079318556512,0.586920681443488,0.464625131995776,0.535374868004224,"Yes"
"58","Vanderbilt",518,521,524,3.95,"Private",36.14239805,-86.8025487,"TN","Yes",0.106382978723404,0.893617021276596,0.0477910987025784,0.952208901297422,0.0601719197707736,0.939828080229226,"Yes"
"59","VT",510,513,517,3.7,"Private",37.25769058,-79.94260923,"VA","Yes",0.16,0.84,0.136106166046286,0.863893833953714,0.177700348432056,0.822299651567944,"Yes"
"60","Wake Forest",509,512,514,3.85,"Private",36.10021573,-80.24021725,"NC","Yes",0.386206896551724,0.613793103448276,0.0760364842454395,0.92396351575456,0.282,0.718,"Yes"
"61","WUSTL",518,521,524,3.95,"Private",38.63529076,-90.26290744,"MO","Yes",0.045045045045045,0.954954954954955,0.0496277915632754,0.950372208436725,0.0318091451292246,0.968190854870775,"Yes"
"62","Weill Cornell",517,519,522,3.93,"Private",40.76505907,-73.95479459,"NY","Yes",0.310679611650485,0.689320388349515,0.181751070426694,0.818248929573306,0.181353767560664,0.818646232439336,"Yes"
"63","Yale",518,522,524,3.95,"Private",41.30338792,-72.93387241,"CT","Yes",0.0652173913043478,0.934782608695652,0.0371182723131432,0.962881727686857,0.0273311897106109,0.972668810289389,"Yes"
"64","EVMS",510,513,516,3.8,"Public",36.86055358,-76.3035708,"VA","Yes",0.503311258278146,0.496688741721854,0.155778894472362,0.844221105527638,0.451005025125628,0.548994974874372,"Yes"
"66","McGovern Houston",510,513,517,3.92,"Public",29.71283503,-95.3972637,"TX","No",0.95,0.05,0.76247115213918,0.23752884786082,0.897297297297297,0.102702702702703,"No"
"67","OHSU",505,511,515,3.74,"Public",45.51967558,-122.6903232,"OR","No",0.72,0.28,0.0713135866065679,0.928686413393432,0.446494464944649,0.553505535055351,"No"
"70","Texas A&M",509,513,517,3.89,"Public",30.59842924,-96.39442157,"TX","No",0.869346733668342,0.130653266331658,0.94673721340388,0.0532627865961199,0.806859205776173,0.193140794223827,"No"
"71","TT El Paso",509,514,517,3.93,"Public",31.77435485,-106.4322838,"TX","No",0.943548387096774,0.0564516129032258,0.819784093412646,0.180215906587354,0.910596026490066,0.0894039735099338,"No"
"72","TT Lubbock",507,512,516,3.93,"Public",33.59029287,-101.8908924,"TX","No",0.900552486187845,0.0994475138121547,0.818126766249495,0.181873233750505,0.885964912280702,0.114035087719298,"No"
"73","UT Austin",512,515,519,3.92,"Public",30.2757112,-97.73357093,"TX","No",0.9,0.1,0.788344722854973,0.211655277145027,0.967391304347826,0.0326086956521739,"No"
"74","UT Tyler",499,505,510,3.84,"Public",32.31515846,-95.25195449,"TX","No",0.975,0.025,0.847140566541956,0.152859433458044,0.996323529411765,0.00367647058823529,"No"
"75","UT San Antonio",516,518,521,3.93,"Public",29.50760812,-98.57537509,"TX","No",0.883620689655172,0.116379310344828,0.784339375817604,0.215660624182396,0.794732061762034,0.205267938237965,"No"
"76","UHouston Tilman J. Fertitta",502,505,509,3.75,"Public",29.71160601,-95.3361502,"TX","No",0.966666666666667,0.0333333333333333,0.811475409836066,0.188524590163934,0.918918918918919,0.0810810810810811,"No"
"80","UNM",500,506,512,3.82,"Public",35.08960959,-106.6168307,"NM","No",0.934782608695652,0.0652173913043478,0.11266783420899,0.88733216579101,0.746913580246914,0.253086419753086,"No"
"81","UT Galveston",510,513,516,3.87,"Public",29.31193186,-94.77752215,"TX","No",0.943478260869565,0.0565217391304348,0.813473520249221,0.186526479750779,0.910714285714286,0.0892857142857143,"No"
"82","UT Edinburg",504,507,511,3.79,"Public",26.30761728,-98.17450303,"TX","No",0.924528301886792,0.0754716981132075,0.825767690253672,0.174232309746328,0.855513307984791,0.144486692015209,"No"
"83","VCU",511,513,517,3.88,"Public",37.53986679,-77.430266,"VA","Yes",0.556179775280899,0.443820224719101,0.175538277511962,0.824461722488038,0.44489247311828,0.55510752688172,"Yes"
"84","Wayne State",509,513,516,3.86,"Public",42.45583418,-83.02267449,"MI","Yes",0.646258503401361,0.353741496598639,0.728714600956234,0.271285399043766,0.505813953488372,0.494186046511628,"Yes"
"88","Tulane",508,512,516,3.77,"Private",29.95504851,-90.07698189,"LA","Yes",0.247126436781609,0.752873563218391,0.0307796610169492,0.969220338983051,0.151675485008818,0.848324514991182,"Yes"
"89","UMiami",513,515,518,3.85,"Private",25.79074931,-80.21197135,"FL","Yes",0.465,0.535,0.216887912965366,0.783112087034634,0.6,0.4,"Yes"
"91","Albany Medical College ",506,510,512,3.8,"Private",42.65361096,-73.77781715,"NY","Yes",0.286713286713287,0.713286713286713,0.15490299690496,0.84509700309504,0.206460674157303,0.793539325842697,"Yes"
"95","California University",512,515,518,3.8,"Private",34.07835591,-117.3505089,"CA","No",0.976744186046512,0.0232558139534884,0.730061349693252,0.269938650306748,0.987566607460036,0.0124333925399645,"No"
"96","Carle Illinois",511,515,519,3.83,"Private",40.10868899,-88.2252963,"IL","Yes",0.140625,0.859375,0.167839549612949,0.832160450387051,0,0,"Yes"
"97","FAU",514,516,519,3.9,"Public",26.37351729,-80.10046536,"FL","Yes",0.657894736842105,0.342105263157895,0.481199739187133,0.518800260812867,0.728658536585366,0.271341463414634,"Yes"
"99","Rosalind Franklin",510,513,516,3.8,"Private",42.30050121,-87.85880487,"IL","Yes",0.557788944723618,0.442211055276382,0.128382502543235,0.871617497456765,0.426883308714919,0.573116691285081,"Yes"
"103","East Tennessee State",505,509,513,3.85,"Public",36.30926924,-82.37890443,"TN","No",0.818181818181818,0.181818181818182,0.144630192502533,0.855369807497467,0.715083798882682,0.284916201117318,"No"
"104","University of South Alabama",505,508,512,3.89,"Public",30.69928137,-88.17723249,"AL","No",0.923076923076923,0.0769230769230769,0.306861499364676,0.693138500635324,0.949238578680203,0.050761421319797,"No"
"107","Loyola University",509,512,515,3.77,"Private",41.85878709,-87.83612273,"IL","Yes",0.305389221556886,0.694610778443114,0.116282977650815,0.883717022349185,0.215648854961832,0.784351145038168,"Yes"
"108","LSU Shreveport",503,507,511,3.85,"Public",32.48075305,-93.7606432,"LA","No",0.953333333333333,0.0466666666666667,0.165435745937962,0.834564254062038,0.942307692307692,0.0576923076923077,"No"
"109","LSU New Orleans",505,510,514,3.86,"Public",29.955553,-90.08279893,"LA","No",0.912371134020619,0.0876288659793814,0.179708580679978,0.820291419320022,0.844277673545966,0.155722326454034,"No"
"110","Loma Linda",508,511,515,3.92,"Private",34.05057629,-117.264209,"CA","Yes",0.521472392638037,0.478527607361963,0.47511775547819,0.52488224452181,0.520588235294118,0.479411764705882,"Yes"
"111","UNLV",506,510,513,3.77,"Public",36.16422331,-115.1646903,"NV","No",0.727272727272727,0.272727272727273,0.172036082474227,0.827963917525773,0.583333333333333,0.416666666666667,"No"
"122","NYU LI",513,515,518,3.84,"Private",40.74181653,-73.64080866,"NY","Yes",0.478260869565217,0.521739130434783,0.28480340063762,0.71519659936238,0.475675675675676,0.524324324324324,"Yes"
"123","NYU Grossman",521,523,525,3.98,"Private",40.74238903,-73.97389402,"NY","Yes",0.07,0.93,0.148024198738576,0.851975801261424,0.129820051413882,0.870179948586118,"Yes"
"126","SIU",503,507,513,3.86,"Public",39.81076832,-89.65774496,"IL","No",1,0,0.919928825622776,0.0800711743772242,1,0,"No"
"133","UArkansas",503,507,512,3.85,"Public",34.74884304,-92.32067372,"AR","No",0.977142857142857,0.0228571428571429,0.130541871921182,0.869458128078818,0.758522727272727,0.241477272727273,"No"
"137","UKentucky",502,506,512,3.87,"Public",38.03110509,-84.50585822,"KY","No",0.775,0.225,0.139085798093376,0.860914201906624,0.614285714285714,0.385714285714286,"No"
"139","UMississippi",503,506,510,3.87,"Public",32.33100282,-90.17122382,"MS","No",1,0,0.994609164420485,0.00539083557951483,1,0,"No"
"140","UMissouri Columbia",505,509,514,3.85,"Public",38.97771131,-92.33395806,"MO","No",0.8359375,0.1640625,0.202672605790646,0.797327394209354,0.777555110220441,0.222444889779559,"No"
"141","UMissouri Kansas",507,510,515,3.89,"Public",39.08328484,-94.57518015,"MO","No",0.639705882352941,0.360294117647059,0.182346723044397,0.817653276955603,0.727272727272727,0.272727272727273,"No"
"142","UOklahoma",505,510,515,3.94,"Public",35.479853,-97.49554974,"OK","No",0.909090909090909,0.0909090909090909,0.148014440433213,0.851985559566787,0.686619718309859,0.313380281690141,"No"
"143","UND",503,509,512,3.86,"Public",47.9318734,-97.06804449,"ND","No",0.486486486486487,0.513513513513513,0.0649666059502125,0.935033394049787,0.306122448979592,0.693877551020408,"No"
"144","UNMC",509,512,516,3.94,"Public",41.25430729,-95.97577618,"NE","No",0.795454545454545,0.204545454545455,0.128305582761998,0.871694417238002,0.552884615384615,0.447115384615385,"No"
"145","UW",506,512,517,3.81,"Public",47.65066559,-122.3093581,"WA","No",0.527881040892193,0.472118959107807,0.134810578984989,0.865189421015011,0.604379562043796,0.395620437956204,"No"
"151","WSU",505,509,514,3.77,"Public",47.66143193,-117.4019306,"WA","No",0.8875,0.1125,0.514906832298137,0.485093167701863,0.914754098360656,0.0852459016393443,"No"
"112","Baylor",515,519,522,3.94,"Private",29.80022139,-95.40930583,"TX",NA,0.827433628318584,0.172566371681416,0.721919302071974,0.278080697928026,0.844306049822064,0.155693950177936,"No"
"2","Creighton",512,515,517,3.89,"Private",41.26806815,-95.95090888,"NE",NA,0.0395256916996047,0.960474308300395,0.024625784645099,0.975374215354901,0.0354767184035477,0.964523281596452,"Yes"
"310","Hofstra/Northwell",515,518,521,3.9,"Private",40.71768837,-73.5979512,"NY",NA,0.646464646464647,0.353535353535354,0.309087285771224,0.690912714228776,0.434306569343066,0.565693430656934,"Yes"
"410","Drexel",510,512,514,3.8,"Private",40.01966402,-75.17992218,"PA",NA,0.325657894736842,0.674342105263158,0.0675385392974476,0.932461460702552,0.238519533927348,0.761480466072653,"Yes"
"510","Quinnipiac",509,513,516,3.78,"Private",41.41476655,-72.83459042,"CT",NA,0.136842105263158,0.863157894736842,0.0495154652860746,0.950484534713925,0.0897959183673469,0.910204081632653,"Yes"
"6","Hackensack",512,515,518,3.82,"Private",40.83362519,-74.15532478,"NJ",NA,0.518518518518518,0.481481481481481,0.200454103146286,0.799545896853714,0.401225114854518,0.598774885145482,"Yes"
"7","UBuffalo",506,511,515,3.79,"Public",42.8998569,-78.86921133,"NY",NA,0.906593406593407,0.0934065934065934,0.357190412782956,0.642809587217044,0.805996472663139,0.194003527336861,"No"
"8","KP",513,17,521,3.85,"Private",34.14453405,-118.1409652,"CA",NA,0.54,0.46,0.501830543933054,0.498169456066946,0.486638537271449,0.513361462728551,"Yes"
"92","USC",513,517,519,3.86,"Private",34.08871728,-118.2028531,"CA",NA,0.795698924731183,0.204301075268817,0.515563033289268,0.484436966710732,0.707616707616708,0.292383292383292,"No"
"101","Temple",509,512,516,3.79,"Private",40.00703897,-75.15213343,"PA",NA,0.380090497737557,0.619909502262443,0.0797057940558391,0.920294205944161,0.269771528998243,0.730228471001757,"Yes"
"11","Oakland",508,511,515,3.91,"Private",42.6746719,-83.2152213,"MI",NA,0.552,0.448,0.181444119989381,0.818555880010619,0.4,0.6,"Yes"
"121","Stony Brook",514,517,520,3.89,"Public",40.90877033,-73.11498359,"NY",NA,0.795454545454545,0.204545454545455,0.416649537512847,0.583350462487153,0.681481481481481,0.318518518518519,"No"
"131","Sidney Kimmel",511,514,518,3.86,"Private",39.94884635,-75.15786747,"PA",NA,0.302325581395349,0.697674418604651,0.0991302628978059,0.900869737102194,0.227586206896552,0.772413793103448,"Yes"
"146","UUtah",506,511,516,3.82,"Public",40.76992161,-111.8357506,"UT",NA,0.733870967741935,0.266129032258065,0.181561285764747,0.818438714235253,0.572222222222222,0.427777777777778,"No"
"15","UA Phoenix",515,518,520,3.87,"Public",33.45285148,-112.0658254,"AZ",NA,0.5,0.5,0.11940044285471,0.88059955714529,0.32579185520362,0.67420814479638,"Yes"
"161","UCI",513,516,519,3.89,"Public",33.64442625,-117.8517589,"CA",NA,0.859649122807018,0.140350877192982,0.715332662738899,0.284667337261101,0.807909604519774,0.192090395480226,"No"
"171","UCLA",510,514,519,3.85,"Public",34.06446063,-118.4423347,"CA",NA,0.608695652173913,0.391304347826087,0.481973898858075,0.518026101141925,0.629183400267738,0.370816599732262,"No"
"18","UCSD",512,516,520,3.86,"Public",33.77421493,-117.3678167,"CA",NA,0.765957446808511,0.234042553191489,0.544774346793349,0.455225653206651,0.662323561346363,0.337676438653637,"No"
"191","UColorado",513,516,520,3.89,"Public",39.74572667,-104.8359496,"CO",NA,0.445714285714286,0.554285714285714,0.0743872417852938,0.925612758214706,0.182094081942337,0.817905918057663,"Yes"
"20","UConnecticut",511,513,517,3.85,"Public",41.72997239,-72.79121545,"CT",NA,0.756756756756757,0.243243243243243,0.119207003089598,0.880792996910402,0.620060790273556,0.379939209726444,"No"
"21","UIowa",512,515,519,3.89,"Public",41.6629391,-91.54521012,"IA",NA,0.657894736842105,0.342105263157895,0.0867768595041322,0.913223140495868,0.323731138545953,0.676268861454047,"Yes"
"22","UMaryland",509,514,518,3.86,"Public",39.28905857,-76.62573914,"MD",NA,0.80952380952381,0.19047619047619,0.186161449752883,0.813838550247117,0.536082474226804,0.463917525773196,"No"
"231","UMassachusetts",512,516,519,3.89,"Public",42.2787118,-71.76329657,"MA",NA,0.668341708542714,0.331658291457286,0.211677406756493,0.788322593243507,0.467757459095284,0.532242540904716,"Yes"
"241","UNC",510,516,519,3.82,"Public",35.90603106,-79.05237663,"NC",NA,0.881773399014778,0.118226600985222,0.194086704153818,0.805913295846182,0.793977812995246,0.206022187004754,"No"
"25","UPitt",512,516,520,3.87,"Private",40.44325931,-79.96136702,"PA",NA,0.380952380952381,0.619047619047619,0.100572655690766,0.899427344309234,0.152324431256182,0.847675568743818,"Yes"
"261","URochester",516,518,521,3.91,"Private",43.1233126,-77.62698322,"NY",NA,0.262135922330097,0.737864077669903,0.217581350169985,0.782418649830015,0.22508038585209,0.77491961414791,"Yes"
"271","UTSW",514,517,520,3.93,"Public",32.81590394,-96.844338,"TX",NA,0.874458874458874,0.125541125541126,0.757072458477824,0.242927541522176,0.866323907455013,0.133676092544987,"No"
"28","Indiana University",508,512,517,3.9,"Public",39.80055515,-86.17615771,"IN",NA,0.78021978021978,0.21978021978022,0.120888157894737,0.879111842105263,0.495365602471679,0.504634397528321,"Yes"
"291","Rutgers NJ",512,516,519,3.85,"Public",40.74022669,-74.18970965,"NJ",NA,0.838150289017341,0.161849710982659,0.275032389413289,0.724967610586711,0.759643916913947,0.240356083086053,"No"
"301","Rutgers RWJ",511,515,518,3.83,"Public",40.5251763,-74.4701279,"NJ",NA,0.884848484848485,0.115151515151515,0.261155555555556,0.738844444444444,0.657210401891253,0.342789598108747,"No"
"31","UIllinois",509,512,515,3.77,"Public",41.87153537,-87.67348993,"IL",NA,0.565371024734982,0.434628975265018,0.184862060834709,0.815137939165291,0.426470588235294,0.573529411764706,"Yes"
"32","UMinnesota",506,511,516,3.84,"Public",44.97277017,-93.23351932,"MN",NA,0.825726141078838,0.174273858921162,0.150781643973777,0.849218356026223,0.678756476683938,0.321243523316062,"No"
"331","UN Reno",504,509,513,3.76,"Public",39.54910541,-119.8140076,"NV",NA,0.840579710144927,0.159420289855072,0.177429088714544,0.822570911285456,0.785714285714286,0.214285714285714,"No"
"341","WVU",506,510,513,3.83,"Public",39.65493223,-79.95772436,"WV",NA,0.697247706422018,0.302752293577982,0.0401195049082373,0.959880495091763,0.187290969899666,0.812709030100334,"Yes"
"351","Wright State",505,509,513,3.82,"Public",39.7803021,-84.06140321,"OH",NA,0.801587301587302,0.198412698412698,0.170019157088123,0.829980842911877,0.661057692307692,0.338942307692308,"No"
"36","Western Michigan University",511,513,516,3.82,"Private",42.29023489,-85.57963962,"MI",NA,0.392857142857143,0.607142857142857,0.276892918402352,0.723107081597648,0.353467561521253,0.646532438478747,"Yes"
"371","Geisinger Commonwealth",509,512,516,3.86,"Private",41.4134444,-75.65533032,"PA",NA,0.652173913043478,0.347826086956522,0.163809523809524,0.836190476190476,0.462940461725395,0.537059538274605,"Yes"
"38","TCU",508,511,514,3.82,"Private",32.73341885,-97.33733126,"TX",NA,0.3,0.7,0.20884070058382,0.79115929941618,0.232067510548523,0.767932489451477,"Yes"
"39","ECU",503,507,512,3.73,"Public",35.60993269,-77.40282925,"NC",NA,1,0,0.997252747252747,0.00274725274725275,1,0,"No"
"401","California Northstate",512,514,517,3.86,"Private",38.40584201,-121.4812269,"CA",NA,0.905172413793103,0.0948275862068965,0.684094052558783,0.315905947441217,0.88,0.12,"No"
"41","Charles R. Drew",498,501,505,3.41,"Private",33.92580242,-118.2425045,"CA",NA,0.721311475409836,0.278688524590164,0.40567066521265,0.59432933478735,0.667464114832536,0.332535885167464,"No"
"421","Cooper at Rowan University",510,514,518,3.88,"Public",39.94074994,-75.11971466,"NJ",NA,0.776785714285714,0.223214285714286,0.277362637362637,0.722637362637363,0.609195402298851,0.390804597701149,"No"
"431","FSU",505,509,512,3.86,"Public",30.44704832,-84.30552477,"FL",NA,0.983333333333333,0.0166666666666667,0.398382507113973,0.601617492886027,0.96031746031746,0.0396825396825397,"No"
"441","FIU",509,511,514,3.9,"Public",25.7583656,-80.37134502,"FL",NA,0.818181818181818,0.181818181818182,0.407252888318357,0.592747111681643,0.733624454148472,0.266375545851528,"No"
"45","Howard",503,506,510,3.67,"Private",38.91909508,-77.02004897,"DC",NA,0.0247933884297521,0.975206611570248,0.00495426829268293,0.995045731707317,0.016,0.984,"Yes"
"46","Marshall University",502,506,511,3.83,"Public",38.40936874,-82.42620346,"WV",NA,0.569444444444444,0.430555555555556,0.0874524714828897,0.91254752851711,0.45398773006135,0.54601226993865,"Yes"
"471","NEOMED",506,510,513,3.8,"Public",41.10499855,-81.24409032,"OH",NA,0.729885057471264,0.270114942528736,0.20515574650913,0.79484425349087,0.64237668161435,0.35762331838565,"No"
"48","NYMC",513,516,517,3.8,"Private",41.08555745,-73.8100727,"NY",NA,0.600961538461538,0.399038461538462,0.208118811881188,0.791881188118812,0.486228813559322,0.513771186440678,"Yes"
"49","Morehouse",502,507,511,3.72,"Private",33.74340312,-84.41211309,"GA",NA,0.681818181818182,0.318181818181818,0.117757549487068,0.882242450512932,0.344155844155844,0.655844155844156,"Yes"
"50","MSU",505,509,514,3.8,"Public",43.03314426,-85.65177749,"MI",NA,0.801075268817204,0.198924731182796,0.228070175438596,0.771929824561403,0.740095087163233,0.259904912836767,"No"
"511","Mercer",501,505,508,3.77,"Private",32.82814575,-83.64764369,"GA",NA,1,0,1,0,1,0,"No"
"52","Meharry",501,504,506,3.58,"Private",36.16770638,-86.8063831,"TN",NA,0.185840707964602,0.814159292035398,0.0444598337950139,0.955540166204986,0.141630901287554,0.858369098712446,"Yes"
"53","MUSC",508,512,515,3.92,"Public",32.78982298,-79.94614088,"SC",NA,0.912790697674419,0.0872093023255814,0.209311127933384,0.790688872066616,0.822622107969152,0.177377892030848,"No"
"54","MCW",505,510,514,3.8,"Private",43.04363126,-88.0217838,"WI",NA,0.522900763358779,0.477099236641221,0.0722635494155154,0.927736450584485,0.422929936305733,0.577070063694267,"Yes"
"55","MCG",509,513,516,3.84,"Public",33.47079372,-81.98997928,"GA",NA,0.996212121212121,0.00378787878787879,0.400903614457831,0.599096385542169,0.939655172413793,0.0603448275862069,"No"
"561","Nova Southeastern",511,513,515,3.89,"Private",26.08154593,-80.25029085,"FL",NA,0.60377358490566,0.39622641509434,0.365674318507891,0.634325681492109,0.521739130434783,0.478260869565217,"Yes"
"571","Penn State",508,511,514,3.84,"Private",40.28127954,-76.67636079,"PA",NA,0.310344827586207,0.689655172413793,0.0950729927007299,0.90492700729927,0.198391420911528,0.801608579088472,"Yes"
"581","Rush",507,511,514,3.7,"Private",41.87414006,-87.66920312,"IL",NA,0.234042553191489,0.765957446808511,0.108328430960585,0.891671569039415,0.218614718614719,0.781385281385281,"Yes"
"591","SUNY Downstate",509,513,516,3.79," Public",40.65517502,-73.9466278,"NY",NA,0.855072463768116,0.144927536231884,0.354284882875018,0.645715117124982,0.710211591536339,0.289788408463661,"No"
"601","SUNY Upstate",509,513,517,3.81,"Public",43.04044103,-76.13914843,"NY",NA,0.784883720930233,0.215116279069767,0.438769354514378,0.561230645485622,0.72,0.28,"No"
"611","UAB",506,511,516,3.9,"Public",33.50290881,-86.80377454,"AL",NA,0.849462365591398,0.150537634408602,0.125084364454443,0.874915635545557,0.584745762711864,0.415254237288136,"No"
"621","USU",508,512,515,3.84,"Public",39.00194432,-77.0864257,"MD",NA,0.113636363636364,0.886363636363636,0.0782988871224165,0.921701112877583,0.0950080515297907,0.904991948470209,"Yes"
"631","UToledo",507,510,513,3.82,"Public",41.61951462,-83.61698903,"OH",NA,0.64,0.36,0.20057824358511,0.79942175641489,0.572559366754617,0.427440633245383,"No"
"641","UA Tucson",507,511,514,3.84,"Public",32.24074459,-110.945601,"AZ",NA,0.754237288135593,0.245762711864407,0.101156069364162,0.898843930635838,0.455743879472693,0.544256120527307,"No"
"65","UCF",512,515,518,3.91,"Public",28.36748058,-81.28018127,"FL",NA,0.625,0.375,0.483420946219167,0.516579053780833,0.637450199203187,0.362549800796813,"No"
"661","UKansas",505,510,514,3.87,"Public",38.91199646,-97.6128428,"KS",NA,0.744075829383886,0.255924170616114,0.138819095477387,0.861180904522613,0.589015151515151,0.410984848484849,"No"
"671","UFlorida",512,516,519,3.92,"Public",29.63994517,-82.3434662,"FL",NA,0.844444444444444,0.155555555555556,0.460971460971461,0.539028539028539,0.797222222222222,0.202777777777778,"No"
"68","University of Louisville",504,508,513,3.82,"Public",38.25013853,-85.74757843,"KY",NA,0.730061349693252,0.269938650306748,0.085992428339643,0.914007571660357,0.609865470852018,0.390134529147982,"No"
"69","UWisconsin",507,512,516,3.8,"Public",43.07801319,-89.42967155,"WI",NA,0.692307692307692,0.307692307692308,0.104435357030513,0.895564642969487,0.529090909090909,0.470909090909091,"No"
"701","UTennessee",509,512,516,3.91,"Public",36.05344055,-83.94057251,"TN",NA,0.901734104046243,0.0982658959537572,0.24537750385208,0.75462249614792,0.829207920792079,0.170792079207921,"No"
"711","USD",505,509,512,3.85,"Public",42.78246076,-96.928507,"SD",NA,0.732394366197183,0.267605633802817,0.112903225806452,0.887096774193548,0.595854922279793,0.404145077720207,"No"
"721","USC Greenville",506,510,515,3.9,"Public",34.82166567,-82.41140937,"SC",NA,0.7,0.3,0.117539446604162,0.882460553395838,0.717647058823529,0.282352941176471,"No"
"731","USC Columbia",507,510,513,3.91,"Public",33.97866412,-80.96297292,"SC",NA,0.75,0.25,0.171107994389902,0.828892005610098,0.623809523809524,0.376190476190476,"No"
